<?xml version="1.0" encoding="UTF-8"?>
<feature
      id="org.eclipse.gmf.tooling.runtime.source"
      label="%featureName"
      version="3.0.1.201210111630"
      provider-name="%providerName"
      image="eclipse_update_120.jpg">

   <description url="http://www.eclipse.org/gmf">
      %description
   </description>

   <copyright url="http://www.eclipse.org/legal/epl-v10.html">
      Copyright (c) 2012 Montages AG and others.
All rights reserved.   This program and the accompanying materials
are made available under the terms of the Eclipse Public License v1.0
which accompanies this distribution, and is available at
http://www.eclipse.org/legal/epl-v10.html
   </copyright>

   <license url="%licenseURL">
      %license
   </license>

   <url>
      <update label="%updateSiteName" url="http://download.eclipse.org/modeling/gmf/updates/releases/"/>
   </url>

   <plugin
         id="org.eclipse.gmf.tooling.runtime.source"
         download-size="94"
         install-size="181"
         version="3.0.1.201210111630"
         unpack="false"/>

</feature>
